category,resnet50,convnext_base,vit_b_16,vit_l_16,clip_vit_b32,dinov2_vit_b14,llava_1.5,llava_1.5_dpo
geometric,0.8683333333333333,0.8373507462686567,0.8250691244239631,0.9238852913968547,0.12,0.12,0.5936842105263158,0.88
color,0.07999999999999996,0.07999999999999996,0.07999999999999996,0.2714893617021277,0.07999999999999996,0.07999999999999996,0.3992771084337349,0.92
angle,0.14,0.1413440860215054,0.14416666666666667,0.14,0.3556250000000001,0.14,0.8654901960784314,0.8622675736961452
motion,,0.30000000000000004,0.30000000000000004,0.30000000000000004,0.7,0.30000000000000004,0.30000000000000004,0.9116959064327484
impossible,,,,,0.4755057471264368,0.08699999999999997,0.9375747126436781,0.9651609195402299
